{"cameraMode":{"drawMode":0,"name":"Shaded","section":"Shading Mode"},"sceneLighting":false,"audioPlay":false,"sceneViewState":{"showFog":true,"showMaterialUpdate":false,"showSkybox":false,"showFlares":true,"showImageEffects":true,"showParticleSystems":true},"in2DMode":false,"pivot":{"x":-2.299999952316284,"y":-0.4284365177154541,"z":11.739999771118164},"rotation":{"x":-0.26132699847221377,"y":-0.21634240448474885,"z":0.060223743319511417,"w":-0.9387636780738831},"size":16.004150390625,"orthographic":true}