{"cameraMode":{"drawMode":0,"name":"Shaded","section":"Shading Mode"},"sceneLighting":true,"audioPlay":false,"sceneViewState":{"showFog":true,"showMaterialUpdate":false,"showSkybox":true,"showFlares":true,"showImageEffects":true,"showParticleSystems":true},"in2DMode":false,"pivot":{"x":39.06443405151367,"y":36.64500427246094,"z":-15.624404907226563},"rotation":{"x":-0.02991333045065403,"y":-0.827022135257721,"z":-0.04420451447367668,"w":0.5596298575401306},"size":14.978340148925782,"orthographic":false}