{"cameraMode":{"drawMode":0,"name":"Shaded","section":"Shading Mode"},"sceneLighting":false,"audioPlay":false,"sceneViewState":{"showFog":true,"showMaterialUpdate":false,"showSkybox":false,"showFlares":true,"showImageEffects":true,"showParticleSystems":true},"in2DMode":false,"pivot":{"x":0.0,"y":0.00003074482083320618,"z":-9.313225746154785e-9},"rotation":{"x":-0.26132699847221377,"y":-0.21634240448474885,"z":0.060223743319511417,"w":-0.9387636780738831},"size":0.024021035060286523,"orthographic":true}